{
  "Socks5ListenAddr": ":10800",
  "PidFile": "amy4.pid",
  "//LogFile": "amy4.log",
  "DnsListenAddr": ":10530",
  "AmyCdnServerAddr": "Amy4地址",
  "AmyOuts": [
    {
      "Tag": "wospZJ",
      "ProxyType": "wospServer",
      "WospSettings": {
        "Secret": "quick_wosp_zj1",
        "ServerKey": "Amy4的key",
        "WoPhone": "你的手机号"
      }
    }, {
      "Tag": "block",
      "ProxyType": "block"
    }, {
      "Tag": "origin",
      "ProxyType": "origin"
    }
  ],
  "Routers": [{
      "OutTags": ["origin"],
        "Rules": {
          "network": ["udp"],
          "!dport": ["53", "5353"],
          "//": "如果需要放行UDP，请将下面dport改为//dport",
          "dport": ["0"]
      }
    }
  ]
}

